News Agency,relevance,hours since published,publish date,title,url
abc.net.au,0,0,"Fri, 19 Feb 2021 09:24:28 +1100",Zuckerberg and Frydenberg to speak as Facebook news stand-off continues,https://www.abc.net.au/news/2021-02-19/frydenberg-zuckerberg-meeting-news-media-facebook-ban/13171120
abc.net.au,0,0,"Fri, 19 Feb 2021 08:34:16 +1100",SA government forced into minority after MP charged in ICAC probe,https://www.abc.net.au/news/2021-02-19/liberal-fraser-ellis-charged-by-icac-over-country-mps-allowance/13170844
abc.net.au,0,0,"Fri, 19 Feb 2021 08:32:33 +1100",Yvonne’s father died from a wound on his foot. But she says it was a 'culture of neglect' that really killed him,https://www.abc.net.au/news/2021-02-19/concerns-remain-over-regis-nedlands-aged-care-home/13168320
abc.net.au,0,0,"Fri, 19 Feb 2021 08:31:13 +1100",Are smart cars breeding complacent drivers? This instructor thinks so,https://www.abc.net.au/news/2021-02-19/smart-cars-breeding-complacent-drivers/13164182
abc.net.au,0,0,"Fri, 19 Feb 2021 08:28:46 +1100",Mystery police caller urged to provide more information on missing Melbourne woman,https://www.abc.net.au/news/2021-02-19/victoria-police-seek-mystery-caller-in-missing-woman-case/13170966
abc.net.au,0,0,"Fri, 19 Feb 2021 08:28:46 +1100",Sunnybank siege continues as police negotiate with armed man for more than 20 hours,https://www.abc.net.au/news/2021-02-19/sunnybank-siege-police-negotiation-armed-man/13170916
abc.net.au,0,0,"Fri, 19 Feb 2021 08:28:46 +1100",Glenn Maxwell and Aussie quicks hit IPL jackpot,https://www.abc.net.au/news/2021-02-19/glenn-maxwell-and-aussie-quicks-hit-jackpot-in-ipl-auction/13170970
abc.net.au,0,0,"Fri, 19 Feb 2021 08:00:27 +1100",'My first look at my forever home': NASA's Perseverance rover lands on Mars,https://www.abc.net.au/news/2021-02-19/nasa-rover-perseverance-lands-on-mars/13170902
abc.net.au,0,1,"Fri, 19 Feb 2021 07:43:12 +1100","ASX to slip, Wall Street pulls back slightly from 'irrational exuberance'",https://www.abc.net.au/news/2021-02-19/asx-stocks-wall-street-markets-record-highs/13170882
abc.net.au,0,1,"Fri, 19 Feb 2021 07:34:04 +1100",'Wanting to be a good dad': Ted Cruz heads to Cancun amid Texas emergency,https://www.abc.net.au/news/2021-02-19/ted-cruz-goes-on-mexico-holiday-as-storm-hits-texas/13170834
abc.net.au,0,1,"Fri, 19 Feb 2021 07:29:01 +1100",These delivery riders protested over their pay. Hours later they were sacked,https://www.abc.net.au/news/2021-02-19/sydney-hungry-panda-riders-battle-dismissal/13169176
abc.net.au,0,1,"Fri, 19 Feb 2021 07:07:56 +1100","Senior British MP, media outlets condemn 'bully' Facebook over Australia move",https://www.abc.net.au/news/2021-02-19/uk-slams-facebook-move-to-block-all-media-content-in-australia/13170786
abc.net.au,0,1,"Fri, 19 Feb 2021 07:00:00 +1100",Why we can't pick and choose which stranded Australians are more deserving of their rights as citizens,https://www.abc.net.au/news/2021-02-19/covid-stranded-australians-overseas-deserve-citizenship-rights/13162214
abc.net.au,0,2,"Fri, 19 Feb 2021 06:48:11 +1100",'It's given us a purpose': Hannah Clarke's parents welcome move to criminalise coercive control in Queensland,https://www.abc.net.au/news/2021-02-19/qld-hannah-clarke-first-anniversary-coercive-control-parents/13168090
abc.net.au,0,2,"Fri, 19 Feb 2021 06:48:11 +1100","They were ordered to defend 'until the very end', but the enemy never came",https://www.abc.net.au/news/2021-02-19/wwii-bombing-of-darwin-aftermath-16-mile-camp-defence-memories/13164888
abc.net.au,0,2,"Fri, 19 Feb 2021 06:42:42 +1100",Morrison knew he was walking on eggshells but then he smashed the whole carton,https://www.abc.net.au/news/2021-02-19/pm-dealt-poorly-with-brittany-higgins-shocking-story/13169856
abc.net.au,0,2,"Fri, 19 Feb 2021 06:41:35 +1100","Restrictions are easing again in the ACT, but it comes with a new rule",https://www.abc.net.au/news/2021-02-19/covid-19-canberra-check-in-app-for-businesses-mandatory/13168914
abc.net.au,0,2,"Fri, 19 Feb 2021 06:19:11 +1100",Push for national definition of domestic violence to help victims and support networks,https://www.abc.net.au/news/2021-02-19/national-definition-domestic-family-violence-coercive-control/13169526
abc.net.au,0,2,"Fri, 19 Feb 2021 06:17:42 +1100",Bobô's back — Brazilian striker returns to action for Sydney FC this weekend,https://www.abc.net.au/news/2021-02-19/bobos-back-brazilian-striker-to-return-fc-sydney-this-weekend/13169746
abc.net.au,0,2,"Fri, 19 Feb 2021 06:14:56 +1100",'A slap in the face': Facebook ban on Australian news could have serious effects in the Pacific,https://www.abc.net.au/news/2021-02-19/pacific-media-warns-facebook-ban-on-australian-news-serious/13167232
abc.net.au,0,2,"Fri, 19 Feb 2021 06:13:43 +1100",How Len Pascoe turned Australia's pioneering Indigenous cricket team into a song,https://www.abc.net.au/news/2021-02-19/len-pascoe-turned-pioneering-indigenous-cricket-team-into-song/13166612
abc.net.au,0,2,"Fri, 19 Feb 2021 06:10:41 +1100",Planned burns are supposed to protect life. But they are destroying fragile ecosystems,https://www.abc.net.au/news/2021-02-19/prescribed-burning-under-scrutiny-in-wa-south-west-wilderness/13110150
abc.net.au,0,2,"Fri, 19 Feb 2021 06:08:35 +1100",How Facebook's news ban could backfire badly on the social media giant,https://www.abc.net.au/news/2021-02-19/facebook-news-ban-could-backfire-advertisers-communities/13169930
abc.net.au,0,2,"Fri, 19 Feb 2021 06:00:00 +1100",Pfizer is using Israel as a real-world vaccine trial. Here's what it shows so far,https://www.abc.net.au/news/health/2021-02-19/covid-19-pfizer-biontech-vaccine-viral-load-drops-first-dose/13156116
abc.net.au,0,3,"Fri, 19 Feb 2021 05:42:20 +1100",'Typically grim and gloomy affair': Dark Mofo ready for comeback,https://www.abc.net.au/news/2021-02-19/monas-dark-mofo-winter-festival-returns-for-2021/13169474
abc.net.au,0,3,"Fri, 19 Feb 2021 05:38:37 +1100",A small film about an immigrant family building a new life in rural America is generating big buzz,https://www.abc.net.au/news/2021-02-19/minari-lee-isaac-chung-interview-korean-american-immigrants/13156214
abc.net.au,0,3,"Fri, 19 Feb 2021 05:03:46 +1100","Wendy waved goodbye to her dad before bombs dropped on Darwin, years later she learned her father's fate",https://www.abc.net.au/news/2021-02-19/wendy-james-bombing-of-darwin-commemoration-79-anniversary/13168332
abc.net.au,1,3,"Fri, 19 Feb 2021 04:58:28 +1100",Doctors battling fear and misinformation among patients as vaccine rolls into Western Sydney,https://www.abc.net.au/news/2021-02-19/nsw-covid19-western-sydney-patients-lack-information-on-vaccine/13169482
abc.net.au,0,6,"Fri, 19 Feb 2021 02:57:44 +1100",Why has Hong Kong's population shown the biggest decline in a decade?,https://www.abc.net.au/news/2021-02-19/hong-kong-residents-stay-australia-china-national-security-law/13169764
abc.net.au,0,9,"Thu, 18 Feb 2021 23:35:30 +1100",'Beginning of the end for Facebook': Q+A tackles the platform's Australian news ban,https://www.abc.net.au/news/2021-02-18/q-and-a-facebook-news-ban-michelle-rowlands-beginning-of-the-end/13170044
abc.net.au,0,10,"Thu, 18 Feb 2021 22:04:37 +1100",Linda Reynolds brought to tears when questioned about Brittany Higgins allegations,https://www.abc.net.au/news/2021-02-18/linda-reynolds-breaks-down-senate-brittany-higgins-alleged-rape/13170136
abc.net.au,0,11,"Thu, 18 Feb 2021 21:22:32 +1100",Hong Kong court again denies bail for Beijing critic and tycoon Jimmy Lai,https://www.abc.net.au/news/2021-02-18/hong-kong-tycoon-jimmy-lai-denied-another-bid-for-bail/13170078
abc.net.au,0,13,"Thu, 18 Feb 2021 19:51:23 +1100",Adelaide Fringe 'pivots' to welcome performers and punters back after a grim year for the arts,https://www.abc.net.au/news/2021-02-18/adelaide-fringe-2021-to-kick-off-despite-covid-19/13165396
abc.net.au,0,13,"Thu, 18 Feb 2021 19:21:59 +1100",White swan turned black after being 'contaminated',https://www.abc.net.au/news/2021-02-18/white-swan-turned-black-after-being-contaminated/13169396
abc.net.au,0,14,"Thu, 18 Feb 2021 18:37:06 +1100",Facebook unrepentant as Prime Minister dubs emergency services block 'arrogant',https://www.abc.net.au/news/2021-02-18/facebook-unrepentant-scott-morrison-dubs-move-arrogant/13169340
abc.net.au,0,14,"Thu, 18 Feb 2021 18:34:42 +1100","'Magic man' told alleged victim 'seed' would repel her stalker, court hears",https://www.abc.net.au/news/2021-02-18/wa-rape-trial-hears-accused-offered-protection-from-stalker/13168038
abc.net.au,0,14,"Thu, 18 Feb 2021 18:31:06 +1100",'The only news left': Anti-vaccine pages unscathed by Facebook news ban,https://www.abc.net.au/news/science/2021-02-18/facebook-news-ban-misinformation-spread-covid-vaccine-rollout/13167318
abc.net.au,0,14,"Thu, 18 Feb 2021 18:27:45 +1100",Meet the Olympian running Tokyo's games after her boss resigned for claiming women talk too much,https://www.abc.net.au/news/2021-02-18/seiko-hashimoto-to-run-tokyo-olympics/13168278
abc.net.au,0,14,"Thu, 18 Feb 2021 18:25:32 +1100",New vice-chancellor wants CDU to expand its offering — despite recent cuts to courses and staff,https://www.abc.net.au/news/2021-02-18/new-cdu-vice-chancellor-pledges-growth-despite-cuts/13168652
abc.net.au,0,14,"Thu, 18 Feb 2021 18:15:44 +1100",Former Collingwood footballer blasts teammates for inaction over racism,https://www.abc.net.au/news/2021-02-18/former-afl-player-blasts-teammates-for-inaction-over-racism/13168588
abc.net.au,0,15,"Thu, 18 Feb 2021 17:34:43 +1100",Children's app creator pleads guilty to possessing child abuse material,https://www.abc.net.au/news/2021-02-18/sa-children-app-content-creator-pleads-guilty-abuse-material/13168948
abc.net.au,0,15,"Thu, 18 Feb 2021 17:27:07 +1100",'I'm done': Serena Williams cuts short media conference following Australian Open loss,https://www.abc.net.au/news/2021-02-18/australian-open-serena-williams-overcome-with-emotion-after-loss/13169060
abc.net.au,0,15,"Thu, 18 Feb 2021 17:05:34 +1100",Facebook took down all of Australia's news content – and all my work went with it,https://www.abc.net.au/news/2021-02-18/university-student-caught-up-in-facebook-ban/13168902
abc.net.au,0,15,"Thu, 18 Feb 2021 17:00:34 +1100",'Life saving' sex abuse survivors page censored by Facebook,https://www.abc.net.au/news/2021-02-18/facebook-news-ban-sees-sex-abuse-survivors-lose-archive/13167708
abc.net.au,0,16,"Thu, 18 Feb 2021 16:31:36 +1100",'It breaks my heart every day': Swimmer Shayna Jack makes emotional plea ahead of appeal,https://www.abc.net.au/news/2021-02-18/swimmer-shayna-jacks-plea-for-help-ahead-of-appeal/13166904
abc.net.au,0,16,"Thu, 18 Feb 2021 16:12:31 +1100","'He has lost my trust': Backbencher exiled, staffer resigns over NT Labor scandal",https://www.abc.net.au/news/2021-02-18/blain-mla-mark-turner-booted-nt-labor-alleged-scandal/13168712
abc.net.au,0,17,"Thu, 18 Feb 2021 15:56:47 +1100",'They've spat the dummy': WA Premier accuses Facebook of acting like 'North Korean dictator',https://www.abc.net.au/news/2021-02-18/facebook-acting-like-dictator-with-news-ban-wa-premier-says/13167656
abc.net.au,0,17,"Thu, 18 Feb 2021 15:39:37 +1100","'A devastating moment': Family law experts, former judges react to Family Court merger",https://www.abc.net.au/news/2021-02-18/family-court-merger-federal-circuit-court-reactions/13168506
abc.net.au,0,17,"Thu, 18 Feb 2021 15:33:50 +1100",Facebook ban potentially 'dangerous' for Indigenous vaccine rollout,https://www.abc.net.au/news/2021-02-18/facebook-ban-feared-dangerous-for-indigenous-vaccine-rollout/13166658
abc.net.au,0,17,"Thu, 18 Feb 2021 15:20:17 +1100",Pressure for more details about alleged sex abuse within Tasmania's public service,https://www.abc.net.au/news/2021-02-18/tasmania-childrens-commission-commission-of-inquiry-sexual-abuse/13167828
abc.net.au,0,18,"Thu, 18 Feb 2021 14:55:39 +1100",Summit famous for its sunrise view may be closed permanently,https://www.abc.net.au/news/2021-02-18/wollumbin-national-park-mount-warning-closure-could-be-permanent/13167728
abc.net.au,0,18,"Thu, 18 Feb 2021 14:23:00 +1100",Facebook just restricted access to news in Australia. Here's what that means for you,https://www.abc.net.au/news/2021-02-18/facebook-news-ban-what-just-happened-post-zuckerberg/13166710
abc.net.au,0,19,"Thu, 18 Feb 2021 13:53:25 +1100","Japan's ruling party invites more women to meetings, as long as they don't talk",https://www.abc.net.au/news/2021-02-18/japans-ruling-party-invites-more-women-to-meetings-but-not-talk/13167092
abc.net.au,0,19,"Thu, 18 Feb 2021 13:47:31 +1100",Man with a weapon inside Sunnybank home as siege in Brisbane's south continues,https://www.abc.net.au/news/2021-02-18/qld-police-siege-sunnybank-man-armed/13167972
abc.net.au,0,19,"Thu, 18 Feb 2021 13:41:49 +1100",Naomi Osaka beats Serena Williams to book spot in Australian Open final,https://www.abc.net.au/news/2021-02-18/australian-open-naomi-osaka-defeats-serena-williams/13166342
abc.net.au,0,19,"Thu, 18 Feb 2021 13:21:16 +1100",'How dare you': Tensions within the Liberal Party over abortion bill shared on social media,https://www.abc.net.au/news/2021-02-18/abortion-debate-tensions-boil-over-in-sa-liberal-party/13167374
abc.net.au,0,19,"Thu, 18 Feb 2021 13:10:54 +1100",'Extremely loved' cat loses leg after being shot in Canberra's south,https://www.abc.net.au/news/2021-02-18/police-investigate-after-cat-shot-in-canberra-/13166560
abc.net.au,0,20,"Thu, 18 Feb 2021 12:38:43 +1100",Suspected human bones found at popular Adelaide beach,https://www.abc.net.au/news/2021-02-18/crews-search-beach-after-bones-found-at-maslin-beach/13167550
abc.net.au,0,20,"Thu, 18 Feb 2021 12:15:45 +1100",Prominent Australian artist found dead at 50,https://www.abc.net.au/news/2021-02-18/prominent-artist-jason-benjamin-found-dead-in-murrumbidgee-river/13167074
abc.net.au,0,20,"Thu, 18 Feb 2021 12:11:47 +1100",New era of Australian rugby to kick off with law tweaks and decent crowds,https://www.abc.net.au/news/2021-02-18/new-era-of-australian-rugby-kick-off-law-tweaks-and-decent-crowd/13167100
abc.net.au,0,20,"Thu, 18 Feb 2021 12:10:34 +1100",'An absolute mess': 'Gut-wrenching' bee deaths prompt renewed call for ban on insecticide Fipronil,https://www.abc.net.au/news/2021-02-18/dalby-bee-deaths-spark-fipronil-investigation/13162662
abc.net.au,0,21,"Thu, 18 Feb 2021 11:45:01 +1100","Building boom grinds traffic to a halt, with commuters warned it will only get worse",https://www.abc.net.au/news/2021-02-18/fears-tasmanian-building-boom-will-worsen-traffic-congestion/13163022
abc.net.au,0,21,"Thu, 18 Feb 2021 11:21:31 +1100",Union calls for teachers to be recognised as priority in vaccine rollout,https://www.abc.net.au/news/2021-02-18/qld-teachers-call-for-vaccine-priority/13164534
abc.net.au,0,21,"Thu, 18 Feb 2021 11:04:02 +1100",The advert that left Sydney's Catholic Archbishop outraged,https://www.abc.net.au/news/2021-02-18/sydney-archbishop-outraged-over-use-of-cathedral-for-heaps-gay/13164816
abc.net.au,0,22,"Thu, 18 Feb 2021 10:56:17 +1100",'Time to reactivate my MySpace account': WA Opposition Leader's Facebook account wiped weeks from election,https://www.abc.net.au/news/2021-02-18/facebook-australian-news-ban-hits-wa-election-campaign/13166738
abc.net.au,0,22,"Thu, 18 Feb 2021 10:46:15 +1100",TV host dumped by Seven after alleged assault of girlfriend has been an involuntary inpatient at hospital for weeks,https://www.abc.net.au/news/2021-02-18/andrew-okeefe-involuntary-inpatient-at-sydney-hospital-court/13166790
abc.net.au,0,22,"Thu, 18 Feb 2021 10:42:08 +1100",'Even greater crimes against the people': Myanmar's largest protest comes as UN warns of military crackdown,https://www.abc.net.au/news/2021-02-18/myanmars-largest-protest-comes-as-un-warns-crackdown/13166626
abc.net.au,0,22,"Thu, 18 Feb 2021 10:40:56 +1100",Cocaine suspected inside packages washed up on tropical island,https://www.abc.net.au/news/2021-02-18/cocaine-suspected-inside-packages-washed-up-on-queensland-island/13166580
abc.net.au,0,22,"Thu, 18 Feb 2021 10:06:23 +1100","'Broad definition' Facebook news ban hits health authorities, BOM and its own page",https://www.abc.net.au/news/2021-02-18/bom-health-authorities-betoota-caught-in-facebook-news-ban/13166394
abc.net.au,0,23,"Thu, 18 Feb 2021 09:32:18 +1100",Crown slips but who will catch the casino giant?,https://www.abc.net.au/news/2021-02-18/james-packer-might-need-to-sell-crown-resorts-stake-who-will-buy/13158816
abc.net.au,0,23,"Thu, 18 Feb 2021 09:32:18 +1100",'It warms my heart': Yeppoon cafe trains and employs people with disabilities,https://www.abc.net.au/news/2021-02-18/cafe-empowers-people-with-disability-through-work-and-respect/13135924
abc.net.au,0,24,"Thu, 18 Feb 2021 08:44:04 +1100",'The world's leading bank robbers': US indicts North Korean hackers,https://www.abc.net.au/news/2021-02-18/us-indicts-three-north-korean-hackers-for-stealing-billions/13166164
abc.net.au,0,24,"Thu, 18 Feb 2021 08:38:47 +1100",What happens when the government takes 'total control'?,https://www.abc.net.au/news/2021-02-18/what-happens-when-the-government-takes-total-control/13164876
abc.net.au,0,24,"Thu, 18 Feb 2021 08:38:47 +1100",Facebook reinstating health and safety pages but government says damage to reputation has been done,https://www.abc.net.au/news/2021-02-18/facebook-credibility-brought-into-question-health-emergency-news/13166318
abc.net.au,0,24,"Thu, 18 Feb 2021 08:26:34 +1100","Overcrowded prisons at 'critical tipping point' as support programs axed, NT parole boss says",https://www.abc.net.au/news/2021-02-18/nt-prison-tipping-point-parole-board-chair/13164936
abc.net.au,0,24,"Thu, 18 Feb 2021 08:06:47 +1100",'My family's private hurt is now public': Politician forced to address NT Parliament rumours,https://www.abc.net.au/news/2021-02-18/blain-mla-mark-turner-addresses-rumours-nt-parliament/13164866
abc.net.au,0,24,"Thu, 18 Feb 2021 08:05:14 +1100",Rural health care anguish: Family waits three months for child's cancer diagnosis,https://www.abc.net.au/news/2021-02-18/long-waits-for-health-care-in-rural-nsw/13162668
abc.net.au,0,25,"Thu, 18 Feb 2021 07:26:33 +1100","Crown suffers big loss, Fortescue and CSL profits jump, while ASX ends flat and bitcoin hits new record",https://www.abc.net.au/news/2021-02-18/bitcoin-record-high-52000-asx-wall-street-stocks-tech/13166262
abc.net.au,0,25,"Thu, 18 Feb 2021 07:12:10 +1100",AI in the sky helps protect fragile sea turtle nests from rampaging feral pigs,https://www.abc.net.au/news/2021-02-18/turtle-feral-pig-threat-artificial-intelligence-science/13162536
abc.net.au,0,26,"Thu, 18 Feb 2021 06:52:31 +1100","I told him I was going to call the police, he said 'good luck making it to the phone'",https://www.abc.net.au/news/2021-02-18/hannah-clarke-coercive-control-domestic-violence-queensland/12029700
abc.net.au,0,26,"Thu, 18 Feb 2021 06:52:31 +1100",Sexual abuse survivor wants former boys' school principal stripped of Order of Australia award,https://www.abc.net.au/news/2021-02-18/qld-sex-abuse-survivor-kevin-lynch-max-howells-brisbane-grammar/13159834
abc.net.au,0,26,"Thu, 18 Feb 2021 06:49:35 +1100",'How did this even happen': Ratepayer dismay over costly council blunder,https://www.abc.net.au/news/2021-02-18/tasmania-latrobe-council-costly-blunder-wesley-vale-development/13164884
abc.net.au,0,26,"Thu, 18 Feb 2021 06:44:49 +1100","Live: NSW Now: Black Hawk down in Sydney park, fight against powerlines in Kosciuszko",https://www.abc.net.au/news/2021-02-18/sydney-news-black-hawk-down-watsons-bay-powelines-in-kosciuszko/13164060
abc.net.au,0,26,"Thu, 18 Feb 2021 06:30:28 +1100",The remarkable rise of Aslan Karatsev,https://www.abc.net.au/news/2021-02-18/the-remarkable-rise-of-aslan-karatsev-australian-open-tennis/13162616
abc.net.au,0,26,"Thu, 18 Feb 2021 06:07:55 +1100",Facebook restricts Australians' access to news,https://www.abc.net.au/news/2021-02-18/facebook-to-restrict-sharing-or-viewing-news-in-australia/13166208
abc.net.au,0,26,"Thu, 18 Feb 2021 06:00:00 +1100",'It's not like starting over': Why Australia's vaccine manufacturer isn't worried about the new variants,https://www.abc.net.au/news/science/2021-02-18/covid-19-vaccines-csl-mrna-adenovirus-astrazeneca-pfizer-tga/13160404
abc.net.au,0,26,"Thu, 18 Feb 2021 06:00:00 +1100",NASA's Perseverance rover gears up to land on Mars in 'seven minutes of terror',https://www.abc.net.au/news/science/2021-02-18/mars-perseverance-rover-nasa-seven-minutes-of-terror-landing/13164886
abc.net.au,0,27,"Thu, 18 Feb 2021 05:43:49 +1100",NBN Co executives and employees got $77 million in bonuses in back half of 2020,https://www.abc.net.au/news/2021-02-18/nbn-co-executives-employees-got-77-million-in-bonuses-in-2020/13165500
abc.net.au,0,27,"Thu, 18 Feb 2021 05:42:21 +1100",You may start seeing fewer updates from companies you own shares in. Here's why,https://www.abc.net.au/news/2021-02-18/continuous-disclosure-laws-watered-down-permanently/13163854
abc.net.au,0,27,"Thu, 18 Feb 2021 05:38:20 +1100","'I lost eight years of my life': Refugee's first taste of freedom, but friends left behind",https://www.abc.net.au/news/2021-02-18/medevac-detainees-released-detention-asylum-seekers-left-behind/13164230
abc.net.au,0,27,"Thu, 18 Feb 2021 05:34:31 +1100","Indian netizens are flocking to Koo, but what does it mean for censorship in the world's largest democracy?",https://www.abc.net.au/news/2021-02-18/india-koo-takes-on-twitter-new-social-media/13160474
abc.net.au,0,27,"Thu, 18 Feb 2021 05:31:58 +1100",Will all aged care workers get the Pfizer jab? How will you know when you can get the vaccine?,https://www.abc.net.au/news/2021-02-18/aged-care-workers-residents-coronavirus-vaccine-rollout/13164168
abc.net.au,0,27,"Thu, 18 Feb 2021 04:59:16 +1100",Why there are unlikely to be any travel bubbles any time soon,https://www.abc.net.au/news/2021-02-18/why-there-are-unlikely-to-be-any-covid-19-travel-bubbles-soon/13163896
abc.net.au,0,28,"Thu, 18 Feb 2021 04:41:36 +1100",Europe's top human rights court orders Russia to release Alexei Navalny,https://www.abc.net.au/news/2021-02-18/top-eu-human-rights-court-orders-russia-release-navalny/13166154
abc.net.au,0,29,"Thu, 18 Feb 2021 03:00:00 +1100",Record for oldest DNA sequencing smashed with woolly mammoth teeth breakthrough,https://www.abc.net.au/news/science/2021-02-18/mammoth-woolly-dna-siberia-russia-palaeogenetics-permafrost/13160930
abc.net.au,0,32,"Thu, 18 Feb 2021 00:25:07 +1100",Dylan Alcott wins seventh straight Australian Open title,https://www.abc.net.au/news/2021-02-18/dylan-alcott-wins-seventh-straight-australian-open-title/13165602
abc.net.au,0,33,"Wed, 17 Feb 2021 23:34:10 +1100",No consensus on effectiveness of controversial Cashless Debit Card program,https://www.abc.net.au/news/2021-02-17/cashless-debit-card-program-review-delivers-mixed-results/13165550
abc.net.au,0,35,"Wed, 17 Feb 2021 21:30:11 +1100",Satellite images show China emptying military camps at border flashpoint with India,https://www.abc.net.au/news/2021-02-17/satellite-images-show-china-emptying-military-camps-at-border/13165364
abc.net.au,0,36,"Wed, 17 Feb 2021 20:42:48 +1100",Coronial investigation into baby boy's death finds Child Safety Department ignored warnings,https://www.abc.net.au/news/2021-02-17/coronial-investigation-baby-boy-t-death-child-safety-department/13164926
abc.net.au,0,37,"Wed, 17 Feb 2021 19:21:19 +1100",Stefanos Tsitsipas left 'speechless' by stunning comeback upset of Rafael Nadal at Australian Open,https://www.abc.net.au/news/2021-02-17/australian-open-rafael-nadal-stefanos-tsitsipas-quarter-final/13164640
abc.net.au,0,37,"Wed, 17 Feb 2021 18:59:40 +1100",'The door's open': Netball Tasmania confirms bid to enter Super Netball league,https://www.abc.net.au/news/2021-02-17/tas-netball-tasmania-push-for-super-netball-licence/13164342
abc.net.au,0,38,"Wed, 17 Feb 2021 18:52:45 +1100","Rape accused offered to improve alleged victims' fertility, ease child abuse trauma, trial hears",https://www.abc.net.au/news/2021-02-17/indigenous-tour-guide-faces-trial-over-multiple-rape-charges/13164278
abc.net.au,0,38,"Wed, 17 Feb 2021 18:47:13 +1100",Facebook deletes Pete Evans's Instagram account,https://www.abc.net.au/news/2021-02-17/pete-evans-facebook-deletes-chefs-instagram-account-coronavirus/13164812
abc.net.au,0,38,"Wed, 17 Feb 2021 18:43:10 +1100","Neighbour 'heard shriek' before 'Jane' Birch found dead in wheelie bin, jury hears",https://www.abc.net.au/news/2021-02-17/jury-trial-woonona-jane-birch-body-in-wheelie-bin/13164814
abc.net.au,0,38,"Wed, 17 Feb 2021 18:08:08 +1100",Alleged bikie charged with murders of Shane Ross and Cameron Martin at Tallebudgera,https://www.abc.net.au/news/2021-02-17/tallebudgera-double-murder-charge-alleged-bikie/13164542
abc.net.au,0,38,"Wed, 17 Feb 2021 18:01:36 +1100",Brittany Higgins says she only found out details of her alleged rape in Parliament House after going public,https://www.abc.net.au/news/2021-02-17/brittany-higgins-statement-rape-allegation-parliament-house/13164506
abc.net.au,0,39,"Wed, 17 Feb 2021 17:52:58 +1100","Truth telling the key to Collingwood's future, says racism report lead author Behrendt",https://www.abc.net.au/news/2021-02-17/real-work-starts-collingwood-truth-telling-agenda-report-author/13164406
abc.net.au,0,39,"Wed, 17 Feb 2021 17:03:13 +1100",Mother of teenager missing for more than 20 years tells murder trial of final phone call from daughter,https://www.abc.net.au/news/2021-02-17/hayley-dodd-mother-margaret-testifies-frances-wark-murder-trial/13163692
abc.net.au,0,40,"Wed, 17 Feb 2021 16:39:06 +1100",'Contrary to basic human rights': Biden says China to face repercussions over abuse of Muslim minorities,https://www.abc.net.au/news/2021-02-17/biden-says-china-to-face-repercussions-on-human-rights/13164206
abc.net.au,0,40,"Wed, 17 Feb 2021 16:34:35 +1100",'One of the biggest blunders in banking history': Citigroup loses bid to recover $644m paid out by mistake,https://www.abc.net.au/news/2021-02-17/citigroup-judge-rules-bank-cannot-recover-millions-paid-revlon/13164088
abc.net.au,0,40,"Wed, 17 Feb 2021 16:07:47 +1100",'Grossly intoxicated' driver's car goes airborne and slams through takeaway shop fence,https://www.abc.net.au/news/2021-02-17/woman-taken-to-hospital-following-crash-into-plympton-shopfront/13163160
abc.net.au,0,41,"Wed, 17 Feb 2021 15:45:59 +1100",'It's within the rules': Barty defends Muchová's use of medical timeout after Australian Open exit,https://www.abc.net.au/news/2021-02-17/australian-open-ash-barty-loses-to-karolina-muchova/13163910
abc.net.au,0,41,"Wed, 17 Feb 2021 15:03:13 +1100",Indigenous man 'in disbelief' after NSW cop acquitted of assaulting him in custody,https://www.abc.net.au/news/2021-02-17/nsw-police-officer-acquitted-assault-indigenous-man-in-custody/13162640
abc.net.au,0,42,"Wed, 17 Feb 2021 14:52:39 +1100",Homeless people evicted from Perth hotel to be given new government accommodation,https://www.abc.net.au/news/2021-02-17/homeless-people-evicted-from-perth-hotel-given-new-accommodation/13163850
abc.net.au,0,42,"Wed, 17 Feb 2021 14:40:52 +1100",Here's your pocket guide to the changes to restrictions in Victoria,https://www.abc.net.au/news/2021-02-17/victorias-coronavirus-restrictions-update-explained/13163304
abc.net.au,1,42,"Wed, 17 Feb 2021 14:36:14 +1100",'A shocking state of affairs' as patients forced to catch taxis to hospital,https://www.abc.net.au/news/2021-02-17/delays-for-patients-waiting-for-ambulances/13162606
abc.net.au,0,42,"Wed, 17 Feb 2021 14:23:05 +1100",'These are good deals': Treasurer praises Google news deals amid pressure from Government legislation,https://www.abc.net.au/news/2021-02-17/treasurer-praises-good-deals-between-google-news-seven/13163676
abc.net.au,0,42,"Wed, 17 Feb 2021 14:23:05 +1100",'Absurd and unprecedented': Tech giants push back on news code as critics warn it could endanger a free and open internet,https://www.abc.net.au/news/2021-02-17/accc-pursues-google-ad-dominance-facebook-tech-giants-news-code/13147644
abc.net.au,0,43,"Wed, 17 Feb 2021 13:50:00 +1100",Diamonds to trial their captaincy options during New Zealand tour,https://www.abc.net.au/news/2021-02-17/australia-diamonds-rotate-captains-in-nz-constellation-cup-tour/13162706
abc.net.au,0,43,"Wed, 17 Feb 2021 13:26:46 +1100","'No history of family violence' before Melbourne mother's murder-suicide, coronial inquest hears",https://www.abc.net.au/news/2021-02-17/tullamarine-murder-suicide-coronial-inquest-begins/13163650
abc.net.au,0,43,"Wed, 17 Feb 2021 13:23:01 +1100","Mum of girl fatally 'catapulted' from show ride asked staff to secure daughter, inquest told",https://www.abc.net.au/news/2021-02-17/coronial-inquest-into-adelene-leong-death-on-adelaide-show-ride/13163340
abc.net.au,0,43,"Wed, 17 Feb 2021 13:13:57 +1100",Women and people with disabilities 'often better adapted to spaceflight than men',https://www.abc.net.au/news/2021-02-17/european-space-agency-in-recruitment-drive/13162870
abc.net.au,0,44,"Wed, 17 Feb 2021 12:29:51 +1100","'We've never seen this sort of event': Dead, sick baby turtles wash up in Queensland after eating plastic",https://www.abc.net.au/news/2021-02-17/baby-turtles-washing-up-on-qld-beach-eat-plastic-debris/13162720
abc.net.au,0,44,"Wed, 17 Feb 2021 12:19:52 +1100",Wife of North Korean leader makes first public appearance in more than a year,https://www.abc.net.au/news/2021-02-17/kim-jong-un-wife-first-public-appearance-in-year-north-korea/13162982
abc.net.au,0,44,"Wed, 17 Feb 2021 12:16:09 +1100",'Butchered like she was nothing': Emotional court hearing for woman who decapitated her mother,https://www.abc.net.au/news/2021-02-17/jessica-camilleri-sentencing-submissions-sister-speaks/13162926
abc.net.au,0,45,"Wed, 17 Feb 2021 11:46:04 +1100",Nathan Johnston is developing a social media platform with a difference,https://www.abc.net.au/news/2021-02-17/disability-club-aims-to-break-barriers-and-boost-connectivity/13160254
abc.net.au,0,45,"Wed, 17 Feb 2021 11:35:27 +1100","'This isn't just sex, drugs and rock and roll': The music industry says it is in crisis",https://www.abc.net.au/news/2021-02-17/jobkeeper-must-be-extended-beyond-march-live-music-industry-says/13159878
abc.net.au,0,45,"Wed, 17 Feb 2021 11:13:05 +1100",'Don't be fearful you won't get your turn': NSW reveals vaccine rollout plan,https://www.abc.net.au/news/2021-02-17/nsw-pfizer-covid-19-vaccine-roll-out-announcement/13162426
abc.net.au,0,45,"Wed, 17 Feb 2021 11:07:24 +1100",Skaters dragged from Amsterdam canal after falling through thin ice,https://www.abc.net.au/news/2021-02-17/ice-skaters-fall-through-frozen-canal-in-amsterdam/13162320
abc.net.au,0,45,"Wed, 17 Feb 2021 11:03:58 +1100",'One scooted underneath us': Jetski group defends 300km ride through croc-infested waters,https://www.abc.net.au/news/2021-02-17/concern-over-jetskiiers-riding-through-known-croc-habitat/13159616
abc.net.au,0,46,"Wed, 17 Feb 2021 10:52:37 +1100","'Very, very hard to believe' PM's staff did not know about alleged rape, Malcolm Turnbull says",https://www.abc.net.au/news/2021-02-17/turnbull-brittany-higgins-scott-morrison-pm-office-knowledge/13162402
abc.net.au,0,46,"Wed, 17 Feb 2021 10:47:03 +1100",Woman who called police on black birdwatcher has case dropped after therapy sessions,https://www.abc.net.au/news/2021-02-17/case-dropped-against-amy-cooper-who-called-police-on-black-man/13162530
abc.net.au,0,46,"Wed, 17 Feb 2021 10:14:50 +1100","In the dog squad, success comes down to bond between officer and best mate",https://www.abc.net.au/news/2021-02-17/inside-the-queensland-police-dog-squad-capricornia/13153256
abc.net.au,0,47,"Wed, 17 Feb 2021 09:47:28 +1100","250,000 plants and 70 jobs planned for huge medicinal cannabis hub",https://www.abc.net.au/news/rural/2021-02-17/medical-cannabis-crop-facility-approval-in-gascoyne-wa/13160764
abc.net.au,0,47,"Wed, 17 Feb 2021 09:28:57 +1100",Ash Barty out of Australian Open following upset loss to Karolína Muchová,https://www.abc.net.au/news/2021-02-17/australian-open-quarter-final-ash-barty-karolina-muchova/13162400
abc.net.au,0,47,"Wed, 17 Feb 2021 09:25:05 +1100",The Brittany Higgins rape allegation has shaken people because it takes things to another level,https://www.abc.net.au/news/2021-02-17/linda-reynolds-feels-lash-after-scott-morrison-rape-allegation/13162316
abc.net.au,0,47,"Wed, 17 Feb 2021 09:20:10 +1100",Aung San Suu Kyi faces new charge that could see her detained indefinitely,https://www.abc.net.au/news/2021-02-17/aung-san-suu-kyi-faces-new-charge-myanmar-military-coup/13162212
abc.net.au,0,47,"Wed, 17 Feb 2021 09:11:43 +1100","Flushable wipes maker fined $200,000 over 'misleading' claims products were made in Australia",https://www.abc.net.au/news/2021-02-17/kimberley-clark-fined-made-in-australia-claims-flushable-wipes/13162264
abc.net.au,0,47,"Wed, 17 Feb 2021 09:01:21 +1100","Three months pregnant and homeless, Jme Jeanes has no idea where she is going to sleep tonight",https://www.abc.net.au/news/2021-02-17/homeless-hotel-guests-face-d-day-amid-row-over-accommodation/13161308
abc.net.au,0,48,"Wed, 17 Feb 2021 08:40:43 +1100","'Phenomenal' testing numbers helped bring Victorian outbreak under control, Weimar says",https://www.abc.net.au/news/2021-02-17/victoria-records-zero-coronavirus-cases-from-nearly-40k-tests/13161134
abc.net.au,0,48,"Wed, 17 Feb 2021 08:38:32 +1100",WA Liberal leader shifts election rhetoric to avoid Labor gaining 'total control',https://www.abc.net.au/news/2021-02-17/wa-liberals-change-tactics-state-election-avoid-labor-control/13160380
abc.net.au,0,48,"Wed, 17 Feb 2021 08:32:13 +1100",Volunteers to the rescue as camels become stuck in Tasmanian wilderness,https://www.abc.net.au/news/2021-02-17/emergency-volunteers-rescue-camels-stuck-in-tasmanian-bush/13160894
abc.net.au,0,48,"Wed, 17 Feb 2021 08:26:22 +1100",Justice Margaret McMurdo to chair Queensland taskforce into coercive control,https://www.abc.net.au/news/2021-02-17/hannah-clarke-domestic-violence-laws-coercive-control-taskforce/13162226
abc.net.au,0,48,"Wed, 17 Feb 2021 08:17:38 +1100","Australia's smallest freshwater fish was on the brink of extinction, until now",https://www.abc.net.au/news/2021-02-17/red-finned-blue-eye-fish-released-critically-endangered/13158496
abc.net.au,0,48,"Wed, 17 Feb 2021 07:55:12 +1100",Man remanded in police custody after allegedly stabbing officer at Cairns shopping centre,https://www.abc.net.au/news/2021-02-17/man-charged-stabbing-police-officer-chest-cairns-shopping-centre/13162208
abc.net.au,0,48,"Wed, 17 Feb 2021 07:49:00 +1100",Online gambling lobby head says punters should keep 'the right' to bet with debt,https://www.abc.net.au/news/2021-02-17/online-gambling-boss-says-ok-to-bet-with-debt/13159438
abc.net.au,0,48,"Wed, 17 Feb 2021 07:47:32 +1100",'Selling the dirt from under our feet': Non-Indigenous brand's 'red centre sand' exfoliant removed after criticism,https://www.abc.net.au/news/2021-02-17/non-indigenous-company-red-sand-exfoliant-removed-criticism/13160816
abc.net.au,0,48,"Wed, 17 Feb 2021 07:46:21 +1100",Could this tiny shrimp stall the Federal Government's plans to frack the Beetaloo Basin?,https://www.abc.net.au/news/2021-02-17/betaloo-micro-organism-new-species-fracking/13159678
abc.net.au,0,48,"Wed, 17 Feb 2021 07:38:57 +1100",Experts say Japan's vaccine rollout too late for pre-Olympics 'herd immunity',https://www.abc.net.au/news/2021-02-17/coronavirus-australia-live-news-covid-19-latest-vaccine/13161052
abc.net.au,0,48,"Wed, 17 Feb 2021 07:20:47 +1100",Rio Tinto announces record dividend as profit jumps,https://www.abc.net.au/news/2021-02-17/asx-reporting-season-rio-record-dividend-webjet-loss/13162124
abc.net.au,0,48,"Wed, 17 Feb 2021 06:52:26 +1100",'They just want to return to Biloela': Call for Tamil asylum seeker family to return to community while legal battle continues,https://www.abc.net.au/news/2021-02-17/tamils-priya-and-nades-murugappan-asylum-seekers/13160708
abc.net.au,0,48,"Wed, 17 Feb 2021 06:00:54 +1100",'Spectrum grab' or generous offer?: Inside TV's stoush with government,https://www.abc.net.au/news/2021-02-17/the-tv-networks-holding-back-the-future/13159456
abc.net.au,0,48,"Wed, 17 Feb 2021 06:00:00 +1100",'I can't believe it': This Australian's invention is landing on Mars this week,https://www.abc.net.au/news/science/2021-02-17/mars-nasa-perserverance-rover-abigail-allwood-david-flannery/13149766
abc.net.au,0,48,"Wed, 17 Feb 2021 06:00:00 +1100","We killed millions of koalas for their fur, and now they're dying from other causes. Here's what we can do to stop it",https://www.abc.net.au/news/science/2021-02-17/koalas-on-way-to-extinction-parts-australia-how-to-avoid-it/13141628
abc.net.au,0,48,"Wed, 17 Feb 2021 05:43:41 +1100",'What the army don't want people to see': Why this Australian journalist is risking arrest to report the news,https://www.abc.net.au/news/2021-02-17/australian-journalist-in-myanmar-fears-he-will-be-targeted-army/13155864
abc.net.au,0,48,"Wed, 17 Feb 2021 05:43:41 +1100",One expert 'surprised' over timing of AstraZeneca vaccine approval — but majority say it is a 'good vaccine',https://www.abc.net.au/news/2021-02-17/covid19-vaccine-rollout-astrazeneca-tga-data-concerns/13155800
abc.net.au,0,48,"Wed, 17 Feb 2021 05:42:18 +1100","'I'm concerned I got in a little late': Adam recently bought bitcoin and now it's hit $US50,000",https://www.abc.net.au/news/2021-02-17/bitcoin-record-high-crypto-bubble-sceptics-fomo/13158596
abc.net.au,0,48,"Wed, 17 Feb 2021 05:38:41 +1100",'They keep throwing you this hook of hope': IVF success estimator a welcome start for these women,https://www.abc.net.au/news/2021-02-17/ivf-website-launched-to-help-patients-on-fertility-journey/13148334
abc.net.au,0,48,"Wed, 17 Feb 2021 05:36:42 +1100",Why these 'lazy' dishes are a rite of passage for many Australian migrants,https://www.abc.net.au/news/2021-02-17/australian-migrants-share-gourmet-lazy-meals-recipe-culture/13156508
abc.net.au,0,48,"Wed, 17 Feb 2021 05:10:01 +1100","This tiny suburb outside of Sydney could become a burial ground for 800,000 people",https://www.abc.net.au/news/2021-02-17/wallacia-cemetery-blueprint-upsets-local-residents/13158956
abc.net.au,0,48,"Wed, 17 Feb 2021 05:07:33 +1100",Residents of south Sydney suburb told their homes will be demolished to make way for car park,https://www.abc.net.au/news/2021-02-17/sydney-jannali-residents-told-to-make-way-for-car-park/13160424
abc.net.au,0,48,"Wed, 17 Feb 2021 05:00:27 +1100",These four countries rolled out vaccines faster than us — here's how that went,https://www.abc.net.au/news/2021-02-17/australia-covid-vaccine-rollout-lessons-from-other-countries/13155128
abc.net.au,0,48,"Wed, 17 Feb 2021 04:01:11 +1100",Energy prices are falling. Here's what you need to know,https://www.abc.net.au/news/2021-02-17/australians-are-missing-out-on-500m-electricity-bill-savings/13108540
abc.net.au,0,48,"Wed, 17 Feb 2021 03:50:20 +1100","'Truly unprecedented': Acropolis, Parthenon and Temple of Zeus blanketed by snow as cold snap hits Athens",https://www.abc.net.au/news/2021-02-17/acropolis-covered-by-rare-snow-as-cold-snap-hits-athens/13162034
abc.net.au,0,48,"Wed, 17 Feb 2021 01:29:25 +1100","Spanish rapper jailed for insulting king, glorifying terrorism",https://www.abc.net.au/news/2021-02-17/rapper-pablo-hasel-arrested-spanish-insulting-king-free-speech/13161550
abc.net.au,0,48,"Wed, 17 Feb 2021 00:39:58 +1100","Djokovic breaks racquet, then Zverev, to advance to Australian Open semi-finals",https://www.abc.net.au/news/2021-02-17/australian-open-novak-djokovic-beats-alexander-zverev/13161366
abc.net.au,0,48,"Wed, 17 Feb 2021 00:36:24 +1100",At least 40 dead after bus crashes into Indian canal,https://www.abc.net.au/news/2021-02-17/at-least-40-dead-after-bus-crashes-into-india-canal/13161510
abc.net.au,0,48,"Tue, 16 Feb 2021 23:59:01 +1100",Future of Crown Perth under a cloud as inquiry into casino licence suitability to be launched,https://www.abc.net.au/news/2021-02-16/crown-casino-perth-inquiry-recommended-by-wa-gambling-regulator/13161444
abc.net.au,0,48,"Tue, 16 Feb 2021 23:46:37 +1100",Barnaby Joyce pushes his own government to allow 'green bank' to invest in coal,https://www.abc.net.au/news/2021-02-16/barnaby-joyce-wants-clean-energy-fund-to-invest-in-coal/13161436
abc.net.au,0,48,"Tue, 16 Feb 2021 21:11:05 +1100","Tour guide accused of rape posed as Indigenous traditional healer, court told",https://www.abc.net.au/news/2021-02-16/rape-trial-of-indigenous-tour-operator-joseph-williams-begins/13159514
abc.net.au,0,48,"Tue, 16 Feb 2021 20:54:49 +1100","Myanmar military denies coup, promises to hand back power when there's a  new election",https://www.abc.net.au/news/2021-02-16/myanmar-military-denies-coup-promises-to-hand-back-power/13161190
abc.net.au,0,48,"Tue, 16 Feb 2021 20:45:06 +1100",Williams beats Halep to set up blockbuster Australian Open semi against Osaka,https://www.abc.net.au/news/2021-02-16/australian-open-serena-williams-beats-simona-halep/13161066
abc.net.au,0,48,"Tue, 16 Feb 2021 20:00:35 +1100",India thrashes England in Chennai to level Test series,https://www.abc.net.au/news/2021-02-16/india-thrashes-england-in-chennai-to-level-test-series/13161176
abc.net.au,0,48,"Tue, 16 Feb 2021 19:16:45 +1100","Boy, 13, hit and killed by bus outside SA high school",https://www.abc.net.au/news/2021-02-16/teenage-boy-hit-and-killed-by-bus-in-balaklava/13160830
abc.net.au,0,48,"Tue, 16 Feb 2021 19:01:17 +1100","Unlikely woman shot herself, biomechanics experts tell inquest into apparent suicide",https://www.abc.net.au/news/2021-02-16/amy-wensley-wa-inquest-told-it-was-unlikely-she-shot-herself/13161004
abc.net.au,0,48,"Tue, 16 Feb 2021 18:46:27 +1100",Former SA opera chief describes child sex allegation as 'garbage',https://www.abc.net.au/news/2021-02-16/former-sa-opera-chief-denies-allegation-of-sex-with-student/13159686
abc.net.au,0,48,"Tue, 16 Feb 2021 18:30:38 +1100",Canberra bikie has sentence cut over shooting that injured former Comanchero boss,https://www.abc.net.au/news/2021-02-16/canberra-bikie-axel-sidaros-has-sentence-cut-by-five-years/13160858
abc.net.au,0,48,"Tue, 16 Feb 2021 18:10:47 +1100",Bill Gates says nuclear power could be one of the answers to climate change,https://www.abc.net.au/news/2021-02-16/bill-gates-zero-emissions-hardest-thing-humanitys-done/13156306
abc.net.au,0,48,"Tue, 16 Feb 2021 17:07:08 +1100",Abortion decriminalisation debate begins in SA Lower House,https://www.abc.net.au/news/2021-02-16/abortion-decriminalisation-bill-debated-in-sa-parliament/13158608
abc.net.au,0,48,"Tue, 16 Feb 2021 17:01:16 +1100","Newborn's death not caused by 'inappropriate' medical care, coroner told",https://www.abc.net.au/news/2021-02-16/coronial-inquest-into-death-of-baby-levi-shane-vanin-to-go-ahead/13159972
abc.net.au,0,48,"Tue, 16 Feb 2021 16:50:27 +1100",Dylan Alcott 'proud' to win fourth straight Aus Open doubles title with close friend Heath Davidson,https://www.abc.net.au/news/2021-02-16/australian-open-tennis-dylan-alcott-heath-davidson-win-doubles/13160018
abc.net.au,0,48,"Tue, 16 Feb 2021 16:44:46 +1100",Jobs back 'around the same level as last year',https://www.abc.net.au/news/2021-02-16/payroll-jobs-back-near-pre-covid-pandemic-levels-abs/13159284
abc.net.au,0,48,"Tue, 16 Feb 2021 16:43:17 +1100",Police say Cairns 'safe' despite police officer being stabbed in the chest at a shopping centre,https://www.abc.net.au/news/2021-02-16/queensland-police-officer-stabbed-chest-cairns-shopping-centre/13160460
abc.net.au,0,48,"Tue, 16 Feb 2021 16:39:44 +1100",Ross River virus infections reach record levels in NSW,https://www.abc.net.au/news/2021-02-16/ross-river-fever-record-cases-in-nsw/13159404
abc.net.au,0,48,"Tue, 16 Feb 2021 16:28:59 +1100","Homeless to be evicted from hotel because WA Government won't pay, owner says",https://www.abc.net.au/news/2021-02-16/perth-hotel-owner-says-wa-govt-has-refused-to-fund-homeless/13159086
abc.net.au,0,48,"Tue, 16 Feb 2021 16:23:03 +1100",Man found dead in remote WA after pair abandoned broken-down 4WD,https://www.abc.net.au/news/2021-02-16/man-found-dead-in-remote-wa-after-pair-abandoned-4wd/13160184
abc.net.au,0,48,"Tue, 16 Feb 2021 16:15:41 +1100",'Depraved and ruthless' murderer sentenced to life in jail after yelling at victim's family in court,https://www.abc.net.au/news/2021-02-16/mathew-hemsley-sentenced-life-in-prison-murder-julie-cooper/13159128
abc.net.au,0,48,"Tue, 16 Feb 2021 15:06:43 +1100",Tasmanian government releases review into state's political donation laws,https://www.abc.net.au/news/2021-02-16/tas-state-government-releases-political-donations-reform-report/13159640
abc.net.au,0,48,"Tue, 16 Feb 2021 14:46:38 +1100","Phone tower data shows alleged arsonist was in 'vicinity' of bushfire ignition points, court told",https://www.abc.net.au/news/2021-02-16/alleged-arsonist-in-court-over-adelaide-hills-bushfire/13158612
abc.net.au,0,48,"Tue, 16 Feb 2021 14:14:42 +1100",Qualifier Karatsev stuns Dimitrov at Australian Open as Osaka powers on,https://www.abc.net.au/news/2021-02-16/australian-open-quarter-final-naomi-osaka-su-wei-hsieh/13159476
abc.net.au,0,48,"Tue, 16 Feb 2021 13:09:12 +1100",Emergency declared in Texas as wild winter weather hits US,https://www.abc.net.au/news/2021-02-16/wild-winter-storm-hits-us-cutting-power-emergency-in-texas/13158924
abc.net.au,0,48,"Tue, 16 Feb 2021 13:09:12 +1100",Drug-affected former Buddhist monk jailed over deadly crash,https://www.abc.net.au/news/2021-02-16/drug-affected-former-buddhist-monk-jailed-over-deadly-crash/13159118
abc.net.au,0,48,"Tue, 16 Feb 2021 12:59:44 +1100",Accusations fly as fleeing Islamic State terror suspect sparks row between Australia and New Zealand,https://www.abc.net.au/news/2021-02-16/jacinda-ardern-australia-stripping-dual-national-turkey-terror/13159300
abc.net.au,0,48,"Tue, 16 Feb 2021 12:58:29 +1100",Fixing the problems with parliament's culture has to start at the top,https://www.abc.net.au/news/2021-02-16/why-political-staffers-are-vulnerable-to-sexual-misconduct-stop/13158466
abc.net.au,0,48,"Tue, 16 Feb 2021 12:38:45 +1100",Opposition accuses SA Government of hiring a private investigator to find 'whistleblower',https://www.abc.net.au/news/2021-02-16/opposition-accuses-sa-government-of-hiring-private-investigator/13158940
abc.net.au,0,48,"Tue, 16 Feb 2021 12:30:04 +1100",How spotting a platypus could help you save one,https://www.abc.net.au/news/2021-02-16/researchers-need-help-to-protect-platypus-populations/13156136
theage.com.au,0,0,"Fri, 19 Feb 2021 09:56:13 +1100",Democrats eye path to citizenship in new immigration bill,https://www.theage.com.au/world/north-america/democrats-eye-path-to-citizenship-in-new-immigration-bill-20210219-p573z5.html?ref=rss&utm_medium=rss&utm_source=rss_feed
theage.com.au,0,0,"Fri, 19 Feb 2021 09:46:23 +1100",A look back at The Supremes' most iconic gowns,https://www.theage.com.au/lifestyle/fashion/a-look-back-at-the-supremes-most-iconic-gowns-20210210-h1tvlk.html?ref=rss&utm_medium=rss&utm_source=rss_feed
theage.com.au,0,0,"Fri, 19 Feb 2021 09:36:47 +1100",US ready to resume nuclear deal talks with Iran,https://www.theage.com.au/world/north-america/biden-administration-ready-to-resume-nuclear-deal-talks-with-iran-state-department-20210219-p573yi.html?ref=rss&utm_medium=rss&utm_source=rss_feed
theage.com.au,0,0,"Fri, 19 Feb 2021 09:11:25 +1100","Queenslander wins $50 million Powerball jackpot, but doesn’t know it yet",https://www.theage.com.au/national/queensland/queenslander-wins-50-million-powerball-jackpot-but-doesn-t-know-it-yet-20210219-p573xe.html?ref=rss&utm_medium=rss&utm_source=rss_feed
theage.com.au,0,0,"Fri, 19 Feb 2021 09:03:16 +1100",How WA’s mammoth contact tracing effort for ‘Case 903’ unfolded,https://www.theage.com.au/national/western-australia/how-wa-s-mammoth-contact-tracing-effort-for-case-903-unfolded-20210218-p573uu.html?ref=rss&utm_medium=rss&utm_source=rss_feed
theage.com.au,0,0,"Fri, 19 Feb 2021 09:02:59 +1100",‘Question of judgement’: Labor candidate’s front-page ads in pro-CCP paper under fire as fight for Riverton heats up,https://www.theage.com.au/national/western-australia/question-of-judgement-labor-candidate-s-front-page-ads-in-pro-ccp-paper-under-fire-as-fight-for-riverton-heats-up-20210102-p56rba.html?ref=rss&utm_medium=rss&utm_source=rss_feed
theage.com.au,0,0,"Fri, 19 Feb 2021 09:02:19 +1100","After years of living dangerously, Beaufort Street is bouncing again",https://www.theage.com.au/national/western-australia/after-years-of-living-dangerously-beaufort-street-is-bouncing-again-20210218-p573s9.html?ref=rss&utm_medium=rss&utm_source=rss_feed
theage.com.au,0,0,"Fri, 19 Feb 2021 09:00:00 +1100",We are about to get an idea about just how powerful Facebook is,https://www.theage.com.au/business/companies/we-are-about-to-get-an-idea-about-just-how-powerful-facebook-is-20210219-p573wv.html?ref=rss&utm_medium=rss&utm_source=rss_feed
theage.com.au,0,0,"Fri, 19 Feb 2021 08:53:46 +1100","Foreign students are our fourth largest export, even with the pandemic",https://www.theage.com.au/national/foreign-students-are-our-fourth-largest-export-even-with-the-pandemic-20210218-p573pz.html?ref=rss&utm_medium=rss&utm_source=rss_feed
theage.com.au,0,0,"Fri, 19 Feb 2021 08:45:08 +1100","QBE reports $US1.5b loss, no final dividend",https://www.theage.com.au/business/banking-and-finance/qbe-reports-us1-5b-loss-no-final-dividend-20210219-p573xa.html?ref=rss&utm_medium=rss&utm_source=rss_feed
theage.com.au,0,0,"Fri, 19 Feb 2021 08:42:14 +1100",English footballer forced to retire aged just 19,https://www.theage.com.au/sport/soccer/english-footballer-forced-to-retire-aged-just-19-20210219-p573xt.html?ref=rss&utm_medium=rss&utm_source=rss_feed
theage.com.au,0,0,"Fri, 19 Feb 2021 08:41:28 +1100",Double leg break confirmed for St Kilda defender,https://www.theage.com.au/sport/afl/st-kilda-defender-in-hospital-after-breaking-leg-in-training-clash-20210218-p573p0.html?ref=rss&utm_medium=rss&utm_source=rss_feed
theage.com.au,0,0,"Fri, 19 Feb 2021 08:30:08 +1100",ASX to fall on poor US economic data,https://www.theage.com.au/business/markets/asx-to-fall-on-poor-us-economic-data-20210219-p573xi.html?ref=rss&utm_medium=rss&utm_source=rss_feed
theage.com.au,0,0,"Fri, 19 Feb 2021 08:29:55 +1100",Meet Australian cricket’s overnight millionaires,https://www.theage.com.au/sport/cricket/meet-australian-cricket-s-overnight-millionaire-20210218-p573w1.html?ref=rss&utm_medium=rss&utm_source=rss_feed
theage.com.au,0,0,"Fri, 19 Feb 2021 07:59:19 +1100",‘Roaring Kitty’ and Wall Street elite grilled over GameStop frenzy,https://www.theage.com.au/business/markets/roaring-kitty-and-wall-street-elite-grilled-over-gamestop-frenzy-20210219-p573x4.html?ref=rss&utm_medium=rss&utm_source=rss_feed
theage.com.au,0,1,"Fri, 19 Feb 2021 07:54:17 +1100",Residents cleared out of homes as Sunnybank siege passes 20 hours,https://www.theage.com.au/national/queensland/residents-cleared-out-of-homes-as-sunnybank-siege-nears-10th-hour-20210218-p573v7.html?ref=rss&utm_medium=rss&utm_source=rss_feed
theage.com.au,0,1,"Fri, 19 Feb 2021 07:48:09 +1100",‘Touchdown confirmed!’: NASA’s Perseverance rover lands on Mars,https://www.theage.com.au/world/north-america/nasa-s-perseverance-rover-streaks-toward-a-landing-on-mars-20210219-p573x5.html?ref=rss&utm_medium=rss&utm_source=rss_feed
theage.com.au,0,1,"Fri, 19 Feb 2021 07:20:00 +1100",The oil industry is facing its biggest squeeze in history,https://www.theage.com.au/business/markets/the-oil-industry-is-facing-its-biggest-squeeze-in-history-20210219-p573we.html?ref=rss&utm_medium=rss&utm_source=rss_feed
theage.com.au,0,1,"Fri, 19 Feb 2021 07:04:30 +1100","Divided over Mario Draghi, Italy’s anti-bank 5-Stars expel 15 senators",https://www.theage.com.au/world/europe/divided-over-mario-draghi-italy-s-anti-bank-5-stars-expel-15-senators-20210219-p573wu.html?ref=rss&utm_medium=rss&utm_source=rss_feed
theage.com.au,0,2,"Fri, 19 Feb 2021 06:30:00 +1100",The car industry is betting its future on batteries,https://www.theage.com.au/business/the-economy/the-car-industry-is-betting-its-future-on-batteries-20210217-p5735k.html?ref=rss&utm_medium=rss&utm_source=rss_feed
theage.com.au,0,2,"Fri, 19 Feb 2021 06:15:41 +1100","As Texas freezes, photos show Ted Cruz flying to Mexico resort",https://www.theage.com.au/world/north-america/as-texas-freezes-photos-show-ted-cruz-flying-to-mexico-resort-20210219-p573w8.html?ref=rss&utm_medium=rss&utm_source=rss_feed
theage.com.au,0,2,"Fri, 19 Feb 2021 06:00:00 +1100","Don’t panic, Adams wrote. But Earth’s magnetic field collapsed years ago",https://www.theage.com.au/national/don-t-panic-adams-wrote-but-earth-s-magnetic-field-collapsed-years-ago-20210218-p573tk.html?ref=rss&utm_medium=rss&utm_source=rss_feed
theage.com.au,0,2,"Fri, 19 Feb 2021 06:00:00 +1100",‘A brutal study in physics’: How do scrums and other rugby mysteries work?,https://www.theage.com.au/sport/rugby-union/a-brutal-study-in-physics-how-do-scrums-and-other-rugby-mysteries-work-20210217-p573bx.html?ref=rss&utm_medium=rss&utm_source=rss_feed
theage.com.au,0,3,"Fri, 19 Feb 2021 05:45:00 +1100",Big freeze in Texas is becoming a global oil market crisis,https://www.theage.com.au/business/markets/big-freeze-in-texas-is-becoming-a-global-oil-market-crisis-20210219-p573wh.html?ref=rss&utm_medium=rss&utm_source=rss_feed
theage.com.au,0,3,"Fri, 19 Feb 2021 05:36:57 +1100",‘Don’t let them bully you’: British MPs urge Australians to stand firm against Facebook blackout,https://www.theage.com.au/world/europe/don-t-let-them-bully-you-british-mps-urge-australians-to-stand-firm-against-facebook-blockout-20210219-p573w7.html?ref=rss&utm_medium=rss&utm_source=rss_feed
theage.com.au,0,3,"Fri, 19 Feb 2021 05:30:00 +1100","Wall Street opens its arms to bitcoin, but doubts linger",https://www.theage.com.au/business/markets/wall-street-opens-its-arms-to-bitcoin-but-doubts-linger-20210216-p572s8.html?ref=rss&utm_medium=rss&utm_source=rss_feed
theage.com.au,0,3,"Fri, 19 Feb 2021 05:25:20 +1100",ASX set to fall as Wall Street slides on poor economic data,https://www.theage.com.au/business/markets/asx-set-to-fall-as-wall-street-slides-on-poor-economic-data-20210219-p573wi.html?ref=rss&utm_medium=rss&utm_source=rss_feed
theage.com.au,0,3,"Fri, 19 Feb 2021 05:00:19 +1100","Perpetual keen to expand into infrastructure, alternative investing",https://www.theage.com.au/business/banking-and-finance/perpetual-keen-to-expand-into-infrastructure-alternative-investing-20210218-p573pl.html?ref=rss&utm_medium=rss&utm_source=rss_feed
theage.com.au,0,3,"Fri, 19 Feb 2021 05:00:00 +1100",State government agencies at war over logging forests ruined by fire,https://www.theage.com.au/environment/conservation/state-government-agencies-at-war-over-logging-forests-ruined-by-fire-20210218-p573qt.html?ref=rss&utm_medium=rss&utm_source=rss_feed
theage.com.au,0,3,"Fri, 19 Feb 2021 05:00:00 +1100",Want an extra $100 a day? Get an enterprise agreement,https://www.theage.com.au/politics/federal/want-an-extra-100-a-day-get-an-enterprise-agreement-20210218-p573ph.html?ref=rss&utm_medium=rss&utm_source=rss_feed
theage.com.au,0,3,"Fri, 19 Feb 2021 05:00:00 +1100",Liberal MPs question if Reynolds should go over handling of staffer’s rape claim,https://www.theage.com.au/politics/federal/poor-judgement-liberal-mps-question-if-reynolds-should-go-over-handling-of-staffer-s-rape-claim-20210218-p573pa.html?ref=rss&utm_medium=rss&utm_source=rss_feed
theage.com.au,0,3,"Fri, 19 Feb 2021 05:00:00 +1100",Climate transparency register to track companies’ progress on net zero targets,https://www.theage.com.au/politics/federal/climate-transparency-register-to-track-companies-progress-on-net-zero-targets-20210218-p573nx.html?ref=rss&utm_medium=rss&utm_source=rss_feed
theage.com.au,0,3,"Fri, 19 Feb 2021 05:00:00 +1100","Rugby, this is your time to shine. But can you?",https://www.theage.com.au/sport/rugby-union/rugby-this-is-your-time-to-shine-but-can-you-20210218-p573mz.html?ref=rss&utm_medium=rss&utm_source=rss_feed
theage.com.au,0,3,"Fri, 19 Feb 2021 05:00:00 +1100",‘Treat workers with dignity’: HungryPanda workers say they were let go after protesting pay cuts,https://www.theage.com.au/national/treat-workers-with-dignity-hungrypanda-workers-say-they-were-let-go-after-protesting-pay-cuts-20210218-p573mw.html?ref=rss&utm_medium=rss&utm_source=rss_feed
theage.com.au,0,5,"Fri, 19 Feb 2021 03:24:31 +1100","Three climbers missing on K2 are dead, Pakistan officials say",https://www.theage.com.au/world/asia/three-climbers-missing-on-k2-are-dead-pakistan-officials-say-20210219-p573wb.html?ref=rss&utm_medium=rss&utm_source=rss_feed
theage.com.au,0,7,"Fri, 19 Feb 2021 01:22:34 +1100","Bad conduct is tolerated, normalised. This is not a normal workplace",https://www.theage.com.au/national/bad-conduct-is-tolerated-normalised-this-is-not-a-normal-workplace-20210218-p573t5.html?ref=rss&utm_medium=rss&utm_source=rss_feed
theage.com.au,0,8,"Fri, 19 Feb 2021 00:15:00 +1100",Morrison must be held accountable for inaction that left women vulnerable,https://www.theage.com.au/politics/federal/morrison-must-be-held-accountable-for-inaction-that-left-women-vulnerable-20210218-p573s0.html?ref=rss&utm_medium=rss&utm_source=rss_feed
theage.com.au,0,8,"Fri, 19 Feb 2021 00:05:00 +1100",Trouble with paradise: the crisis Australia has hardly noticed,https://www.theage.com.au/national/trouble-with-paradise-the-crisis-australia-has-hardly-noticed-20210218-p573ki.html?ref=rss&utm_medium=rss&utm_source=rss_feed
theage.com.au,0,8,"Fri, 19 Feb 2021 00:01:00 +1100",More than ever before Tash Sultana is ready to explode,https://www.theage.com.au/culture/music/more-than-ever-before-tash-sultana-is-ready-to-explode-20210217-p573by.html?ref=rss&utm_medium=rss&utm_source=rss_feed
theage.com.au,0,8,"Fri, 19 Feb 2021 00:00:00 +1100","Your Daily Horoscope for Friday, February 19",https://www.theage.com.au/lifestyle/life-and-relationships/your-daily-horoscope-for-friday-february-19-20210218-p573qh.html?ref=rss&utm_medium=rss&utm_source=rss_feed
theage.com.au,0,8,"Fri, 19 Feb 2021 00:00:00 +1100",‘It has to stop’: former High Court judge calls out sexual harassment,https://www.theage.com.au/national/it-has-to-stop-former-high-court-judge-calls-out-sexual-harassment-20210217-p573fr.html?ref=rss&utm_medium=rss&utm_source=rss_feed
theage.com.au,0,8,"Fri, 19 Feb 2021 00:00:00 +1100",How do I deal with political correctness in the office?,https://www.theage.com.au/business/workplace/how-do-i-deal-with-political-correctness-in-the-office-20210216-p5732y.html?ref=rss&utm_medium=rss&utm_source=rss_feed
theage.com.au,0,8,"Fri, 19 Feb 2021 00:00:00 +1100",New workplace law attacks long-held protections for employees,https://www.theage.com.au/business/workplace/new-workplace-law-attacks-long-held-protections-for-employees-20210216-p572zs.html?ref=rss&utm_medium=rss&utm_source=rss_feed
theage.com.au,0,8,"Fri, 19 Feb 2021 00:00:00 +1100",Pet training shift: why teamwork is better than dominance,https://www.theage.com.au/lifestyle/life-and-relationships/pet-training-shift-why-teamwork-is-better-than-dominance-20210203-p56z3v.html?ref=rss&utm_medium=rss&utm_source=rss_feed
theage.com.au,0,8,"Thu, 18 Feb 2021 23:59:00 +1100",Former NSW premier Nick Greiner takes Manhattan,https://www.theage.com.au/national/former-nsw-premier-nick-greiner-takes-manhattan-20210218-p573tr.html?ref=rss&utm_medium=rss&utm_source=rss_feed
theage.com.au,0,45,"Wed, 17 Feb 2021 11:15:59 +1100",Bringing MiniDisc back from the dead,https://www.theage.com.au/technology/bringing-minidisc-back-from-the-dead-20210215-p572ii.html?ref=rss&utm_medium=rss&utm_source=rss_technology
theguardian.com.au,0,10,"Thu, 18 Feb 2021 22:45:00 +0000",Country Week heartache and outpouring,https://www.theguardian.com.au/sport/country-weekheartache-andoutpouring
theguardian.com.au,0,10,"Thu, 18 Feb 2021 22:45:00 +0000",Pipped at the post,https://www.theguardian.com.au/sport/pipped-at-the-post
theguardian.com.au,0,10,"Thu, 18 Feb 2021 22:45:00 +0000",Organ donations hit by pandemic,https://www.theguardian.com.au/news/organ-donations-hit-by-pandemic
theguardian.com.au,0,10,"Thu, 18 Feb 2021 22:45:00 +0000",Gee Gee bridge no more,https://www.theguardian.com.au/news/gee-gee-bridgeno-more
theguardian.com.au,0,10,"Thu, 18 Feb 2021 22:45:00 +0000",Jockey breaks restricted whip rule.,https://www.theguardian.com.au/sport/jockey-breaks-restricted-whip-rule-1
theguardian.com.au,0,10,"Thu, 18 Feb 2021 22:45:00 +0000",In the back of the mind,https://www.theguardian.com.au/news/in-the-back-of-the-mind
theguardian.com.au,0,10,"Thu, 18 Feb 2021 22:45:00 +0000",RISING STAR BREAKS RECORD,https://www.theguardian.com.au/sport/rising-star-breaks-record
theguardian.com.au,0,10,"Thu, 18 Feb 2021 22:45:00 +0000",Weekend gone to waste,https://www.theguardian.com.au/news/weekend-gone-to-waste
theguardian.com.au,0,10,"Thu, 18 Feb 2021 22:45:00 +0000",Administrator's column 19/2/21,https://www.theguardian.com.au/opinion/xxxxxx-451
theguardian.com.au,0,10,"Thu, 18 Feb 2021 22:45:00 +0000",ECONOMY SMASHED,https://www.theguardian.com.au/news/economy-smashed
theguardian.com.au,0,10,"Thu, 18 Feb 2021 22:45:00 +0000",Forty years in law,https://www.theguardian.com.au/news/forty-years-in-law
theguardian.com.au,0,10,"Thu, 18 Feb 2021 22:45:00 +0000",Agriculture's place in net zero carbon future,https://www.theguardian.com.au/news/agricultures-place-in-net-zero-carbon-future
theguardian.com.au,0,10,"Thu, 18 Feb 2021 22:45:00 +0000","'Cunning' trial, says trainer",https://www.theguardian.com.au/sport/cunning-trialsays-trainer
theguardian.com.au,0,10,"Thu, 18 Feb 2021 22:45:00 +0000",Long-term backpackers help with wine harvest,https://www.theguardian.com.au/news/long-term-backpackers-help-with-wine-harvest
theguardian.com.au,0,10,"Thu, 18 Feb 2021 22:45:00 +0000",Rain an 'obvious' choice,https://www.theguardian.com.au/news/rain-an-obvious-choice
theguardian.com.au,0,10,"Thu, 18 Feb 2021 22:45:00 +0000",The fighting proof in Wyche,https://www.theguardian.com.au/news/the-fighting-proof-in-wyche
theguardian.com.au,0,10,"Thu, 18 Feb 2021 22:45:00 +0000",Warning over fatal canine illness,https://www.theguardian.com.au/news/warning-overfatal-canine-illness
theguardian.com.au,0,10,"Thu, 18 Feb 2021 22:45:00 +0000",Serve the vulnerable,https://www.theguardian.com.au/news/serve-thevulnerable
theguardian.com.au,0,10,"Thu, 18 Feb 2021 22:45:00 +0000",Up a gear,https://www.theguardian.com.au/news/up-a-gear
theguardian.com.au,0,10,"Thu, 18 Feb 2021 22:45:00 +0000",Mallee Root Festival moves to fresh ground,https://www.theguardian.com.au/news/mallee-root-festival-moves-to-fresh-ground
theguardian.com.au,0,10,"Thu, 18 Feb 2021 22:30:00 +0000",Around the Churches: 19/2/21,https://www.theguardian.com.au/news/xxxxxx-450
theguardian.com.au,0,10,"Thu, 18 Feb 2021 22:30:00 +0000",Anzac Day march called off,https://www.theguardian.com.au/news/anzac-day-march-called-off
theguardian.com.au,0,10,"Thu, 18 Feb 2021 22:30:00 +0000",Girls cricket makes Swan Hill debut,https://www.theguardian.com.au/sport/girls-cricket-makes-swan-hill-debut
theguardian.com.au,0,10,"Thu, 18 Feb 2021 22:30:00 +0000",Chinese New Year at home,https://www.theguardian.com.au/news/chinese-new-year-at-home
theguardian.com.au,0,10,"Thu, 18 Feb 2021 22:30:00 +0000",Church events on hold,https://www.theguardian.com.au/news/church-events-on-hold
theguardian.com.au,0,10,"Thu, 18 Feb 2021 22:30:00 +0000",Snake watch after recent sightings,https://www.theguardian.com.au/news/snake-watch-after-recent-sightings
theguardian.com.au,0,10,"Thu, 18 Feb 2021 22:30:00 +0000",Vaccine to be rolled out,https://www.theguardian.com.au/news/vaccine-to-be-rolled-out
theguardian.com.au,0,10,"Thu, 18 Feb 2021 22:30:00 +0000",Insecticide found in dead Robinvale corellas,https://www.theguardian.com.au/news/insecticide-found-indead-robinvale-corellas
theguardian.com.au,0,10,"Thu, 18 Feb 2021 22:30:00 +0000",Cupper: Nats playing 'gruby' politics,https://www.theguardian.com.au/news/cupper-nats-playing-gruby-politics
theguardian.com.au,0,10,"Thu, 18 Feb 2021 22:30:00 +0000",Cash for pickers,https://www.theguardian.com.au/news/cash-for-pickers
theguardian.com.au,0,10,"Thu, 18 Feb 2021 22:30:00 +0000",Facebook wipes news,https://www.theguardian.com.au/news/facebook-wipes-news
theguardian.com.au,0,10,"Thu, 18 Feb 2021 22:30:00 +0000",Sesssion on going solar,https://www.theguardian.com.au/news/sesssion-on-goingsolar
theguardian.com.au,0,10,"Thu, 18 Feb 2021 22:30:00 +0000","We need 'clarity and certainty', says Walsh",https://www.theguardian.com.au/news/we-need-clarity-and-certainty-says-walsh
theguardian.com.au,0,10,"Thu, 18 Feb 2021 22:15:00 +0000",Road works at roundabout,https://www.theguardian.com.au/news/road-works-at-roundabout
theguardian.com.au,0,10,"Thu, 18 Feb 2021 22:15:00 +0000",Woolies goes green with solar,https://www.theguardian.com.au/news/woolies-goes-green-with-solar
theguardian.com.au,0,10,"Thu, 18 Feb 2021 22:15:00 +0000",Entertain with grants,https://www.theguardian.com.au/news/entertain-with-grants
theguardian.com.au,0,10,"Thu, 18 Feb 2021 22:15:00 +0000",Internet more a 'dream than reality',https://www.theguardian.com.au/news/internet-more-a-dream-than-reality
theguardian.com.au,0,10,"Thu, 18 Feb 2021 22:15:00 +0000",More water,https://www.theguardian.com.au/opinion/more-water
theguardian.com.au,0,10,"Thu, 18 Feb 2021 22:15:00 +0000",Help with rental costs,https://www.theguardian.com.au/news/help-with-rental-costs
theguardian.com.au,0,10,"Thu, 18 Feb 2021 22:15:00 +0000",Police Beat: 19/2/21,https://www.theguardian.com.au/news/xxxxxx-447
theguardian.com.au,0,10,"Thu, 18 Feb 2021 22:15:00 +0000",Letters to the Editor: 19/2/21,https://www.theguardian.com.au/letters/xxxxxx-448
theguardian.com.au,0,10,"Thu, 18 Feb 2021 22:00:00 +0000",Facebook has banned local news outlets in Australia.,https://www.theguardian.com.au/facebook-has-banned-local-news-outlets-in-australia
